"sku","name","status"
"LG-55UR640S","55"" Commercial Display","Saved: .\images\LG-55UR640S.jpg"
"LG-65UR640S","65"" Commercial Display","Saved: .\images\LG-65UR640S.webp"
"LG-75UR640S","75"" Commercial Display","Saved: .\images\LG-75UR640S.jpg"
"LG-86UR640S","86"" Commercial Display","Saved: .\images\LG-86UR640S.jpg"
"LG-98UH5J-H","98"" Commercial Display","Saved: .\images\LG-98UH5J-H.jpg"
"LG-110UH5Q-H","110"" Commercial Display","Saved: .\images\LG-110UH5Q-H.jpg"
"LG-LAEC015-GN","136"" LED Wall","Saved: .\images\LG-LAEC015-GN.jpg"
"YL-A50","MeetingBar A50","Saved: .\images\YL-A50.png"
"YL-CTP25","CTP25 Touch Panel","Saved: .\images\YL-CTP25.png"
"SH-MXA920","Ceiling Microphone Array","Saved: .\images\SH-MXA920.png"
"SH-P300","IntelliMix P300 Audio Processor","Saved: .\images\SH-P300.jpg"
"SPK-CEIL","Ceiling Speakers (pair)","No image URL in CSV"
"MNT-WALL","Display Wall Mount","No image URL in CSV"
"MNT-STAND","Mobile Display Stand","No image URL in CSV"
"CAB-KIT","Room Cabling Kit","No image URL in CSV"
"CAB-CAT6","New Cat6 Data Point","No image URL in CSV"
"A10-020","MeetingBar A10 + CTP18","Saved: .\images\A10-020.jpg"
"A25-031","MeetingBar A25 + CTP25","Saved: .\images\A25-031.jpg"
"A30-020","MeetingBar A30 + CTP18","Saved: .\images\A30-020.png"
"A40-031","MeetingBar A40 + CTP25","Saved: .\images\A40-031.png"
"A50-031","MeetingBar A50 + CTP25","Saved: .\images\A50-031.jpg"
"MeetingBoard-Pro","MeetingBoard Pro","Saved: .\images\MeetingBoard-Pro.png"
"MVC-S40-C5U-000","MVC S40 Teams Rooms System","Failed: The remote server returned an error: (403) Forbidden."
"MVC-S50-C5U-000","MVC S50 Teams Rooms System","Saved: .\images\MVC-S50-C5U-000.png"
"MVC-S80-C5U-000","MVC S80 Teams Rooms System","Saved: .\images\MVC-S80-C5U-000.png"
"MVC-S90-C5U-004","MVC S90 Teams Rooms System","Failed: The remote server returned an error: (403) Forbidden."
"MVC860-C5-000","MVC860 Base Kit","Saved: .\images\MVC860-C5-000.jpg"
"MVC960","MVC960 Teams Rooms System","Saved: .\images\MVC960.png"
"MCoreKit-C5U","MCore Kit C5U","Saved: .\images\MCoreKit-C5U.png"
"UVC86","UVC86 4K Dual-Eye PTZ Camera","Saved: .\images\UVC86.png"
"UVC40","UVC40 4K USB Video Bar","Saved: .\images\UVC40.png"
"MTower","MTower AI Camera","Saved: .\images\MTower.png"
"SmartVision-40","SmartVision 40 360° Camera","Saved: .\images\SmartVision-40.jpg"
"CM20","SkySound CM20 Ceiling Microphone","Saved: .\images\CM20.jpg"
"CM50","SkySound CM50 Dante Ceiling Microphone","Saved: .\images\CM50.jpg"
"CS10","SkySound CS10 Ceiling Speaker","Saved: .\images\CS10.jpg"
"CS10-D","SkySound CS10-D Dante Ceiling Speaker","Saved: .\images\CS10-D.jpg"
"AVBridge","AVBridge Audio Bridge","Saved: .\images\AVBridge.png"
"AP08","AP08 Audio Processor","Saved: .\images\AP08.png"
"AVHub","AVHub","Saved: .\images\AVHub.webp"
"VCM35","VCM35 Table Microphone","Saved: .\images\VCM35.png"
"VCM36-W","VCM36-W Wireless Microphone","Saved: .\images\VCM36-W.png"
"VCM38","VCM38 Ceiling Microphone","Saved: .\images\VCM38.webp"
"MSpeaker-II","MSpeaker II Soundbar","Failed: The remote server returned an error: (403) Forbidden."
"MTouch-Plus","MTouch Plus 11.6"" Touch Panel","Failed: The remote server returned an error: (403) Forbidden."
"WPP30","WPP30 Wireless Presentation Pod","Saved: .\images\WPP30.png"
"RoomSensor","RoomSensor","Saved: .\images\RoomSensor.png"
"Neat-Bar-BYOD","Neat Bar BYOD","Saved: .\images\Neat-Bar-BYOD.jpg"
"Neat-Bar-Gen2","Neat Bar Gen 2 + Neat Pad","Saved: .\images\Neat-Bar-Gen2.jpg"
"Neat-Bar-Pro","Neat Bar Pro + Neat Pad","Saved: .\images\Neat-Bar-Pro.jpg"
"Neat-Board-32","Neat Board 32","Saved: .\images\Neat-Board-32.jpg"
"Neat-Board-50","Neat Board 50","Saved: .\images\Neat-Board-50.webp"
"Neat-Board-Pro","Neat Board Pro","Saved: .\images\Neat-Board-Pro.png"
"Neat-Frame","Neat Frame","Saved: .\images\Neat-Frame.jpg"
"Neat-Center","Neat Center","Saved: .\images\Neat-Center.webp"
"Neat-Pad-Gen2","Neat Pad Gen 2","Failed: The remote server returned an error: (403) Forbidden."
"Neat-Pad-Pro","Neat Pad Pro 10""","Saved: .\images\Neat-Pad-Pro.jpg"
"Neat-VESA-Kit","Neat VESA Screen Mount Kit","Saved: .\images\Neat-VESA-Kit.webp"
"Neat-Board-Pro-Stand","Neat Board Pro Adaptive Stand","Saved: .\images\Neat-Board-Pro-Stand.jpg"
"Studio-X32","Poly Studio X32 + TC10","Failed: The remote server returned an error: (403) Forbidden."
"Studio-X52","Poly Studio X52 + TC10","Saved: .\images\Studio-X52.jpg"
"Studio-X72","Poly Studio X72 + TC10","Saved: .\images\Studio-X72.png"
"Studio-Base-Kit-G9-Plus","Poly Studio Base Kit G9 Plus","Saved: .\images\Studio-Base-Kit-G9-Plus.jpg"
"Studio-5-Room-Compute","HP Poly Studio 5 Room Compute","Saved: .\images\Studio-5-Room-Compute.jpg"
"Studio-7-Room-Compute","HP Poly Studio 7 Room Compute","Saved: .\images\Studio-7-Room-Compute.png"
"TC10","Poly TC10 Touch Controller","Failed: The remote server returned an error: (403) Forbidden."
"Studio-V12","Poly Studio V12 USB Video Bar","Saved: .\images\Studio-V12.jpg"
"Studio-V52","Poly Studio V52 USB Video Bar","Saved: .\images\Studio-V52.jpg"
"Studio-V72","Poly Studio V72 USB Video Bar","Saved: .\images\Studio-V72.jpg"
"Studio-E60","Poly Studio E60 PTZ Camera","Saved: .\images\Studio-E60.jpg"
"Studio-E70","Poly Studio E70 Camera","Failed: The remote server returned an error: (403) Forbidden."
"Studio-A2-Audio-Bridge","HP Poly Studio A2 Audio Bridge","Saved: .\images\Studio-A2-Audio-Bridge.jpg"
"B22X6AA#AC3","HP Poly Studio A2 Table Microphone (Black)","Saved: .\images\B22X6AA#AC3.jpg"
"875S1AA","Poly IP Ceiling Microphone Array","Failed: The remote server returned an error: (403) Forbidden."
"875M6AA","Poly Studio X50/X52/X70/X72 Table Microphone","Failed: The remote server returned an error: (403) Forbidden."
